{"assets/news.json":["assets/news.json"],"assets/tradeye.png":["assets/tradeye.png"],"images/ADA.png":["images/ADA.png"],"images/BNB.png":["images/BNB.png"],"images/DeFi.png":["images/DeFi.png"],"images/MoneyTransfer.svg":["images/MoneyTransfer.svg"],"images/Polygon.png":["images/Polygon.png"],"images/Solana.png":["images/Solana.png"],"images/USDC.png":["images/USDC.png"],"images/africa.jpg":["images/africa.jpg"],"images/artpro.png":["images/artpro.png"],"images/asia.jpg":["images/asia.jpg"],"images/bitcoin.png":["images/bitcoin.png"],"images/bitcoinsRaise.png":["images/bitcoinsRaise.png"],"images/brands.png":["images/brands.png"],"images/calendar.svg":["images/calendar.svg"],"images/chart.png":["images/chart.png"],"images/china.png":["images/china.png"],"images/cryptos.png":["images/cryptos.png"],"images/digital.jpg":["images/digital.jpg"],"images/doge.png":["images/doge.png"],"images/epic.jpg":["images/epic.jpg"],"images/ethereum.png":["images/ethereum.png"],"images/hacked.png":["images/hacked.png"],"images/home.svg":["images/home.svg"],"images/india.png":["images/india.png"],"images/news.svg":["images/news.svg"],"images/privacy.svg":["images/privacy.svg"],"images/singapore.png":["images/singapore.png"],"images/tether.jpg":["images/tether.jpg"],"images/web3event.jpg":["images/web3event.jpg"],"packages/cupertino_icons/assets/CupertinoIcons.ttf":["packages/cupertino_icons/assets/CupertinoIcons.ttf"]}